{
    "slak_gemm": {
        "SLaK_tiny": {
            "kernel_merged_False": {
                "32": 392.38844418771106,
                "64": 530.1489333023508,
                "128": 540.4053507958723
            },
            "kernel_merged_True": {
                "32": 487.35261277965236,
                "64": 625.9221058492919,
                "128": 638.3972785778425
            }
        },
        "SLaK_small": {
            "kernel_merged_False": {
                "32": 256.6508710891938,
                "64": 323.15127646639496,
                "128": 331.00072129252266
            },
            "kernel_merged_True": {
                "32": 314.7086562651144,
                "64": 375.5211182067261,
                "128": 384.8677518110688
            }
        }
    },
    "slak_general": {
        "SLaK_tiny": {
            "kernel_merged_False": {
                "32": 363.7161855668445,
                "64": 367.10463080558446,
                "128": 371.2142520421013
            },
            "kernel_merged_True": {
                "32": 171.47428473171902,
                "64": 173.0220959578631,
                "128": 173.9192791814682
            }
        },
        "SLaK_small": {
            "kernel_merged_False": {
                "32": 213.27150750618182,
                "64": 214.11720237547107,
                "128": 217.12334406310464
            },
            "kernel_merged_True": {
                "32": 105.931596709286,
                "64": 106.92950195825581,
                "128": 107.64687930308324
            }
        }
    },
    "SW": {
        "ShiftWise_v2_tiny": {
            "N_rep_1": {
                "32": 386.08474048183206,
                "64": 397.92326132315253,
                "128": 404.41063823408393
            },
            "N_rep_2": {
                "32": 378.3176177733852,
                "64": 389.7145777122351,
                "128": 396.01897590296755
            },
            "N_rep_3": {
                "32": 370.95118637095,
                "64": 381.665915964325,
                "128": 387.6434043784875
            },
            "N_rep_4": {
                "32": 362.0686064098894,
                "64": 372.175470670617,
                "128": 377.8354228605606
            }
        },
        "ShiftWise_v2_small": {
            "N_rep_1": {
                "32": 248.03835368171383,
                "64": 253.49970444100992,
                "128": 258.11925963434675
            },
            "N_rep_2": {
                "32": 243.26962565552813,
                "64": 248.5640557737598,
                "128": 253.04985783327083
            },
            "N_rep_3": {
                "32": 238.51070959206163,
                "64": 243.68256048141592,
                "128": 248.2368976804314
            },
            "N_rep_4": {
                "32": 232.97882687907622,
                "64": 238.07109593177,
                "128": 242.65431116809302
            }
        }
    },
    "uni": {
        "unireplknet_t": {
            "all": {
                "32": 971.1305458616955,
                "64": 1086.336651225554,
                "128": 1125.4206587916008
            }
        },
        "unireplknet_s": {
            "all": {
                "32": 609.4985023262991,
                "64": 661.8480592963289,
                "128": 688.5285306285679
            }
        }
    }
}